<?xml version="1.0" encoding="ISO-8859-1"?>
<lectoratest>
<survey>0</survey>
<grade>1</grade>
<showresults>0</showresults>
<scoreonly>0</scoreonly>
<get>0</get>
<incvar>0</incvar>
<promptsuccess>1</promptsuccess>
<persist>0</persist>
<name>Quiz</name>
<subject>Test Results</subject>
<testtime>0</testtime>
<numrandom>0</numrandom>
<passinggrade>75</passinggrade>
<cancelfail>a001_quiz_results_results_failed.html</cancelfail>
<passdone>a001_quiz_results_results_passed.html</passdone>
<prevpage>a001_title_page.html</prevpage>
<page>
<index>0</index>
<name>a001_quiz_q1.html</name>
<question>
<id>69</id>
<type>1</type>
<weight>1</weight>
<name>Q1</name>
<var>VarQuestion_0001</var>
<text>Question 1 Text</text>
<correctans>True</correctans>
<choices>True|False</choices>
<allowmult>0</allowmult>
<persist>0</persist>
<gradeindividual>0</gradeindividual>
<surveyquestion>0</surveyquestion>
</question>
</page>
<page>
<index>1</index>
<name>a001_quiz_q2.html</name>
<question>
<id>78</id>
<type>1</type>
<weight>1</weight>
<name>Q2</name>
<var>VarQuestion_0002</var>
<text>Question 2 Text</text>
<correctans>True</correctans>
<choices>True|False</choices>
<allowmult>0</allowmult>
<persist>0</persist>
<gradeindividual>0</gradeindividual>
<surveyquestion>0</surveyquestion>
</question>
</page>
<page>
<index>2</index>
<name>a001_quiz_q3.html</name>
<question>
<id>85</id>
<type>1</type>
<weight>1</weight>
<name>Q3</name>
<var>VarQuestion_0003</var>
<text>Question 3 Text</text>
<correctans>True</correctans>
<choices>True|False</choices>
<allowmult>0</allowmult>
<persist>0</persist>
<gradeindividual>0</gradeindividual>
<surveyquestion>0</surveyquestion>
</question>
</page>
</lectoratest>
