<?xml version="1.0" encoding="UTF-8"?>        
<!--GENERATED BY:  Lectora Professional Publishing Suite v.9a(5847) (http://www.trivantis.com) -->

<manifest identifier="CourseID" version="1.2"
          xmlns="http://www.imsproject.org/xsd/imscp_rootv1p1p2"
          xmlns:adlcp="http://www.adlnet.org/xsd/adlcp_rootv1p2"
          xmlns:xsi="http://www.w3.org/2001/XMLSchema-instance"
          xsi:schemaLocation="http://www.imsproject.org/xsd/imscp_rootv1p1p2 imscp_rootv1p1p2.xsd
                              http://www.imsglobal.org/xsd/imsmd_rootv1p2p1 imsmd_rootv1p2p1.xsd
                              http://www.adlnet.org/xsd/adlcp_rootv1p2 adlcp_rootv1p2.xsd" >

  <organizations default="CourseID-org">
    <organization identifier="CourseID-org">
      <title>TEST</title>
      <item identifier="I_A001" identifierref="A001">
        <title>A001</title>
        <adlcp:masteryscore>75</adlcp:masteryscore>
        <adlcp:timelimitaction>continue,no message</adlcp:timelimitaction>
      </item>
      <metadata>
        <schema>ADL SCORM</schema>
        <schemaversion>1.2</schemaversion>
        <adlcp:location>TEST.xml</adlcp:location>
      </metadata>
    </organization>
  </organizations>

  <resources>
    <resource identifier="A001" type="webcontent" adlcp:scormtype="sco" href="a001index.html">
      <file href="a001index.html"/>
      <file href="a001content.html"/>
      <file href="a001titlemgr.html"/>
      <dependency identifierref="P_2"/>
      <dependency identifierref="P_62"/>
      <dependency identifierref="P_76"/>
      <dependency identifierref="P_77"/>
      <dependency identifierref="P_68"/>
      <dependency identifierref="P_111"/>
      <dependency identifierref="R_41"/>
      <dependency identifierref="R_122"/>
      <dependency identifierref="S_DLGFiles"/>
      <dependency identifierref="S_SCORMFiles"/>
      <dependency identifierref="S_BaseFiles"/>
    </resource>
    <resource identifier="P_2" type="webcontent" adlcp:scormtype="asset">
      <file href="a001_title_page.html"/>
      <dependency identifierref="P_62"/>
      <dependency identifierref="P_76"/>
      <dependency identifierref="P_77"/>
      <dependency identifierref="P_68"/>
      <dependency identifierref="P_111"/>
      <dependency identifierref="R_41"/>
      <dependency identifierref="R_122"/>
      <dependency identifierref="S_DLGFiles"/>
      <dependency identifierref="S_SCORMFiles"/>
      <dependency identifierref="S_BaseFiles"/>
    </resource>
    <resource identifier="P_62" type="webcontent" adlcp:scormtype="asset">
      <file href="a001_quiz_q1.html"/>
      <dependency identifierref="R_41"/>
      <dependency identifierref="R_122"/>
      <dependency identifierref="S_DLGFiles"/>
      <dependency identifierref="S_SCORMFiles"/>
      <dependency identifierref="S_BaseFiles"/>
      <dependency identifierref="T_55"/>
    </resource>
    <resource identifier="P_76" type="webcontent" adlcp:scormtype="asset">
      <file href="a001_quiz_q2.html"/>
      <dependency identifierref="R_41"/>
      <dependency identifierref="R_122"/>
      <dependency identifierref="S_DLGFiles"/>
      <dependency identifierref="S_SCORMFiles"/>
      <dependency identifierref="S_BaseFiles"/>
    </resource>
    <resource identifier="P_77" type="webcontent" adlcp:scormtype="asset">
      <file href="a001_quiz_q3.html"/>
      <dependency identifierref="R_41"/>
      <dependency identifierref="R_122"/>
      <dependency identifierref="S_DLGFiles"/>
      <dependency identifierref="S_SCORMFiles"/>
      <dependency identifierref="S_BaseFiles"/>
    </resource>
    <resource identifier="P_68" type="webcontent" adlcp:scormtype="asset">
      <file href="a001_quiz_results_results_passed.html"/>
      <dependency identifierref="R_119"/>
      <dependency identifierref="R_122"/>
      <dependency identifierref="R_135"/>
      <dependency identifierref="S_DLGFiles"/>
      <dependency identifierref="S_SCORMFiles"/>
      <dependency identifierref="S_BaseFiles"/>
    </resource>
    <resource identifier="P_111" type="webcontent" adlcp:scormtype="asset">
      <file href="a001_quiz_results_results_failed.html"/>
      <dependency identifierref="R_119"/>
      <dependency identifierref="R_122"/>
      <dependency identifierref="R_135"/>
      <dependency identifierref="S_DLGFiles"/>
      <dependency identifierref="S_SCORMFiles"/>
      <dependency identifierref="S_BaseFiles"/>
    </resource>
    <resource identifier="R_41" type="webcontent" adlcp:scormtype="asset">
      <file href="images/black_basic_nextoff.gif"/>
      <file href="images/black_basic_nextclk.gif"/>
      <file href="images/black_basic_nextrol.gif"/>
    </resource>
    <resource identifier="R_122" type="webcontent" adlcp:scormtype="asset">
      <file href="images/shape_122.gif"/>
    </resource>
    <resource identifier="R_119" type="webcontent" adlcp:scormtype="asset">
      <file href="images/black_bars_exitoff.gif"/>
      <file href="images/black_bars_exitclk.gif"/>
      <file href="images/black_bars_exitrol.gif"/>
    </resource>
    <resource identifier="R_135" type="webcontent" adlcp:scormtype="asset">
      <file href="images/black_bars_homeoff.gif"/>
      <file href="images/black_bars_homeclk.gif"/>
      <file href="images/black_bars_homerol.gif"/>
    </resource>
    <resource identifier="T_55" type="webcontent" adlcp:scormtype="asset">
      <file href="_tobj55.xml"/>
    </resource>
    <resource identifier="S_DLGFiles" type="webcontent" adlcp:scormtype="asset">
      <file href="images/dlg-titlebar.gif"/>
      <file href="images/dlg-close.gif"/>
    </resource>
    <resource identifier="S_SCORMFiles" type="webcontent" adlcp:scormtype="asset">
      <file href="apiwrapper11.js"/>
      <file href="scofunctions.js"/>
    </resource>
    <resource identifier="S_BaseFiles" type="webcontent" adlcp:scormtype="asset">
      <file href="trivantis.css"/>
      <file href="dialog.css"/>
      <file href="trivantis.js"/>
      <file href="trivantis-timedate.js"/>
      <file href="trivantis-cookie.js"/>
      <file href="trivantis-dialog.js"/>
      <file href="trivantis-button.js"/>
      <file href="trivantis-image.js"/>
      <file href="trivantis-inline.js"/>
      <file href="trivantis-titlemgr.js"/>
      <file href="trivantis-strings.js"/>
    </resource>
  </resources>

</manifest>
