<?xml version="1.0" encoding="UTF-8"?>
<manifest xmlns="http://www.imsglobal.org/xsd/imscp_v1p1" xmlns:lom="http://ltsc.ieee.org/xsd/LOM" xmlns:xsi="http://www.w3.org/2001/XMLSchema-instance" xmlns:adlcp="http://www.adlnet.org/xsd/adlcp_v1p3" xmlns:imsss="http://www.imsglobal.org/xsd/imsss" xmlns:adlseq="http://www.adlnet.org/xsd/adlseq_v1p3" xmlns:adlnav="http://www.adlnet.org/xsd/adlnav_v1p3" identifier="MANIFEST-CCED0204-39ED-D02A-67D6-D44E36B537CE" xsi:schemaLocation="http://www.imsglobal.org/xsd/imscp_v1p1 imscp_v1p1.xsd http://ltsc.ieee.org/xsd/LOM lom.xsd http://www.adlnet.org/xsd/adlcp_v1p3 adlcp_v1p3.xsd http://www.imsglobal.org/xsd/imsss imsss_v1p0.xsd http://www.adlnet.org/xsd/adlseq_v1p3 adlseq_v1p3.xsd http://www.adlnet.org/xsd/adlnav_v1p3 adlnav_v1p3.xsd" version="1.3">
  <metadata>
    <schema>ADL SCORM</schema>
    <schemaversion>2004 4th Edition</schemaversion>
  </metadata>
  <organizations default="ORG-C141BB3E-BE8A-5FDC-0876-FA10C4774C14">
    <organization identifier="ORG-C141BB3E-BE8A-5FDC-0876-FA10C4774C14" adlseq:objectivesGlobalToSystem="false" adlcp:sharedDataGlobalToSystem="false">
      <title>Starter Template</title>
      <item identifier="CONTENT-WRAPPER" isvisible="false">
        <title>Content Wrapper</title>
        <item identifier="SCO-1" identifierref="RES-1" isvisible="true">
          <title>SCO 1</title>
          <!-- <metadata> element would go here -->
          <adlcp:dataFromLMS>SCO 1</adlcp:dataFromLMS>
          <!-- <adlcp:completionThreshold> element would go here -->
          <imsss:sequencing>
            <!-- no control mode needed as this is a SCO and has no children -->
            <!-- <imsss:sequencingRules> would go here -->
            <!-- <imsss:limitConditions> would go here -->
            <!-- <imsss:auxiliaryResources> would go here -->
            <imsss:rollupRules rollupObjectiveSatisfied="true" rollupProgressCompletion="true" objectiveMeasureWeight="0" />
            <imsss:objectives>
              <imsss:primaryObjective objectiveID="obj-primary" satisfiedByMeasure="false">
                <imsss:mapInfo targetObjectiveID="obj-example-global-1" writeSatisfiedStatus="true" />
              </imsss:primaryObjective>
              <!-- Just an example of how a non-primary global would be defined -->
              <imsss:objective objectiveID="obj-global-2" satisfiedByMeasure="false">
                <imsss:mapInfo targetObjectiveID="obj-example-global-2" writeSatisfiedStatus="true" writeNormalizedMeasure="true" />
              </imsss:objective>
            </imsss:objectives>
            <!-- <adlseq:objectives> element would go here -->
            <imsss:deliveryControls objectiveSetByContent = "true"/>
          </imsss:sequencing>
          <!-- <adlnav:presentation> element would go here -->
          <adlcp:data>
              <adlcp:map targetID = "test_data_store" />
          </adlcp:data>
        </item>
        <item identifier="AGG-1" isvisible="true" >
          <title>Aggregation</title>
          <item identifier="SCO-2" identifierref="RES-2" isvisible="true">
            <title>SCO 2</title>
            <adlcp:dataFromLMS>SCO 2</adlcp:dataFromLMS>
            <imsss:sequencing>
              <imsss:rollupRules rollupObjectiveSatisfied="true" rollupProgressCompletion="true" objectiveMeasureWeight="0" />
              <imsss:deliveryControls objectiveSetByContent = "true"/>
            </imsss:sequencing>
            <adlcp:data>
                <adlcp:map targetID = "test_data_store" />
            </adlcp:data>
          </item>
          <item identifier="SCO-3" identifierref="RES-3" isvisible="true">
            <title>SCO 3</title>
            <adlcp:dataFromLMS>SCO 3</adlcp:dataFromLMS>
            <imsss:sequencing>
              <imsss:rollupRules rollupObjectiveSatisfied="true" rollupProgressCompletion="true" objectiveMeasureWeight="0" />
              <imsss:deliveryControls objectiveSetByContent = "true"/>
            </imsss:sequencing>
            <adlcp:data>
                <adlcp:map targetID = "test_data_store" />
            </adlcp:data>
          </item>
          <imsss:sequencing>
            <imsss:controlMode flow="true" choice="true"/>
            <!-- <imsss:sequencingRules> would go here -->
            <!-- <imsss:limitConditions> would go here -->
            <!-- <imsss:auxiliaryResources> would go here -->
            <imsss:rollupRules rollupObjectiveSatisfied="true" rollupProgressCompletion="true" objectiveMeasureWeight="0" />
            <!-- <imsss:objectives> element would go here if aggregation has objective mappings-->
            <!-- <adlseq:objectives> element would go here -->
            <!-- <imsss:randomizationControls> element would go here -->
          </imsss:sequencing>
        </item>
        <imsss:sequencing>
          <imsss:controlMode flow="true" choice="true" choiceExit="false" />
          <imsss:rollupRules rollupObjectiveSatisfied="true" rollupProgressCompletion="true" objectiveMeasureWeight="0" />
        </imsss:sequencing>
      </item>
      <!-- <metadata> element would go here -->
      <!-- <adlcp:completionThreshold> element would go here -->
      <imsss:sequencing>
        <imsss:controlMode flow="true" choice="true"/>
        <imsss:rollupRules rollupObjectiveSatisfied="true" rollupProgressCompletion="true" objectiveMeasureWeight="0" />
      </imsss:sequencing>
    </organization>
  </organizations>
  <resources>
    <resource identifier="RES-1" href="launch.html" adlcp:scormType="sco" type="webcontent" xml:base="content/sco1/">
      <file href="launch.html" />
      <dependency identifierref="API-DEP" />
      <dependency identifierref="IMAGE-DEP" />
    </resource>
    <resource identifier="RES-2" href="launch.html" adlcp:scormType="sco" type="webcontent" xml:base="content/sco2/">
      <file href="launch.html" />
      <dependency identifierref="API-DEP" />
      <dependency identifierref="IMAGE-DEP" />
    </resource>
    <resource identifier="RES-3" href="launch.html" adlcp:scormType="sco" type="webcontent" xml:base="content/sco3/">
      <file href="launch.html" />
      <dependency identifierref="API-DEP" />
      <dependency identifierref="IMAGE-DEP" />
    </resource>
    <resource identifier="API-DEP" adlcp:scormType="asset" xml:base="content/" type="webcontent" >
      <file href="util/APIWrapper.js" />
    </resource>
    <resource identifier="IMAGE-DEP" adlcp:scormType="asset" xml:base="content/images/" type="webcontent" >
      <file href="adl_logo.jpg" />
    </resource>
  </resources>
</manifest>

